name,email
Aarav Mehta,aarav.mehta81@gmail.com
Neha Sharma,neha.sharma64@yahoo.com
Karan Patel,karan.patel29@gmail.com
Ishita Verma,ishita.verma73@outlook.com
Yash Gupta,yash.gupta45@gmail.com
Simran Kaur,simrankaur38@yahoo.com
Aditya Singh,adityasingh92@gmail.com
Pooja Nair,poojanair56@outlook.com
Rohan Joshi,rohan.joshi34@gmail.com
Maya Kapoor,maya.kapoor87@yahoo.com
Arjun Malhotra,arjun.malhotra21@gmail.com
Divya Shah,divya.shah69@outlook.com
Naman Jain,naman.in3@gmail.com
Komal Yadav,komal.dav74@yahoo.com
Siddharth Rao,siddharh.rao36@gmail.com
Meera Iyer,meera.ir82@gmail.com
Rahul Desai,rahul.desa47@outlook.com
Ananya Mishra,ananya.mishra95@gmail.com
Varun Bansal,varun.basal62@yahoo.com
Snehal Joshi,snehal.joshi28@gmail.com